Student ID,First Name,Last Name,Birth Date,School,Program,GPA
198885,Lina,Mahmoud,2000-04-05,School of Computer Science,IT,3.42
353711,Salma,Hani,2002-01-09,School of Science,Physics,3.8
427089,Yahia,Abdelsalam,2004-11-12,School of Business,Marketing,2.91
332714,Abdulaziz,Karim,2001-07-28,School of Computer Science,IT,3.8
609357,Rahma,Tarek,2003-07-26,School of Computer Science,IT,3.41
531554,Hussein,Hatem,2003-08-03,School of Computer Science,DSAI,3.66
201661,Karim,Mostafa,2004-06-07,School of Science,Bio Medical,3.62
650621,Layla,Mahmoud,2001-08-19,School of Business,Finance,3.54
401110,Mark,Ali,2003-02-03,School of Business,Finance,2.55
664018,Mark,Khaled,2000-10-08,School of Computer Science,DSAI,3.53
492068,Mariam,Taha,2000-05-25,School of Engineering,Aero Space,3.74
805873,Rony,Khaled,2004-05-06,School of Business,Finance,2.65
322208,Haneen,Moataz,2002-08-02,School of Engineering,Nano Tech,3.03
224294,Sara,Moahmed,1999-06-21,School of Science,Nano,3.49
364636,Hana,Yahia,2005-06-06,School of Science,Physics,3.7
240371,Haneen,Youssef,2004-11-24,School of Business,Marketing,3.78
625192,Ali,Khaled,2005-02-18,School of Business,Marketing,3.8
749035,Lina,Walid,2002-03-20,School of Business,Finance,3.09
936798,Abdulaziz,Samir,2004-08-04,School of Science,Bio Medical,2.74
878156,Layla,Moahmed,2005-07-22,School of Engineering,Renewable,2.69
399748,Fatma,Abdelsalam,2001-01-15,School of Science,Bio Medical,3.6
365126,Mark,Abdelsalam,2003-10-30,School of Business,Finance,3.85
421613,Khaled,Khaled,2001-05-10,School of Business,Management,3.16
445770,Mark,Moahmed,2001-04-02,School of Science,Bio Medical,3.51
605263,Mohamed,Abdulaziz,2001-07-23,School of Engineering,Nano Tech,3.74
261500,Khaled,Tarek,2005-08-02,School of Business,Finance,3.95
214796,Ziad,Abdelrahim,2004-07-20,School of Business,Marketing,3.21
851550,Mariam,Abdulaziz,2002-03-17,School of Engineering,Aero Space,3.96
116906,Karim,Hendy,2001-06-27,School of Computer Science,SWD,3.39
576149,Aya,Khaled,2004-05-22,School of Science,Physics,4.0
574548,Rahma,Samir,2001-09-04,School of Science,Bio Medical,3.41
254969,Lina,Mostafa,2005-01-29,School of Science,Bio Medical,3.39
537771,Nouran,Tarek,2005-02-16,School of Engineering,Aero Space,3.19
525762,Ali,Abdulaziz,2001-01-26,School of Business,Marketing,3.44
867908,Layla,Samir,2004-03-21,School of Science,Bio Medical,2.98
902373,Nouran,Hatem,2002-12-13,School of Science,Physics,3.68
277902,Lina,Moahmed,1999-07-29,School of Business,Management,2.68
560194,Youssef,Yahia,1999-06-18,School of Engineering,Renewable,3.99
268842,Ahmed,Youssef,2003-01-29,School of Business,Marketing,3.57
451572,Ahmed,Tarek,2005-04-11,School of Science,Physics,2.63
365445,Yasser,Mostafa,2002-04-03,School of Science,Bio Medical,3.54
660967,Mariam,Ramadan,2000-02-11,School of Engineering,CIE,3.32
440888,Salma,Karim,2005-01-11,School of Computer Science,IT,3.69
700671,Mark,Ahmed,2002-05-10,School of Business,Marketing,2.91
285688,Ahmed,Samir,2004-05-01,School of Computer Science,SWD,3.85
642420,Karim,Youssef,2003-10-29,School of Computer Science,IT,3.83
560432,Mark,Hani,2002-03-02,School of Business,Marketing,3.16
612588,Ziad,Tarek,2000-09-13,School of Engineering,CIE,2.92
149846,Abdullah,Karim,2002-04-06,School of Engineering,Renewable,3.38
968475,Nada,Walid,1999-04-15,School of Science,Physics,3.11
858454,Abdulaziz,Mostafa,2004-02-22,School of Science,Nano,3.54
521157,Hassan,Abdulaziz,2001-01-03,School of Computer Science,IT,3.2
577857,Sara,Ahmed,1999-06-21,School of Computer Science,IT,2.63
503947,Karim,Abdelsalam,2000-10-18,School of Business,Finance,3.42
492837,Yasser,Walid,2004-11-27,School of Science,Physics,3.25
698693,Hana,Abdullah,2001-07-21,School of Engineering,Nano Tech,3.68
641319,Rony,Yasser,2003-10-11,School of Engineering,Aero Space,2.91
780650,Mark,Moataz,2003-11-05,School of Computer Science,IT,3.89
374811,Abdullah,Shaaban,2004-05-01,School of Science,Nano,3.84
532599,Sara,Abdullah,2003-09-27,School of Business,Finance,3.35
190916,Abdullah,Samir,2005-05-10,School of Computer Science,DSAI,3.26
419503,Haneen,Mostafa,2005-11-02,School of Computer Science,SWD,2.74
484277,Haneen,Yasser,2000-08-21,School of Computer Science,SWD,2.88
893176,Rony,Moataz,2004-12-10,School of Business,Marketing,3.29
245278,Nouran,Abdelrahim,2003-07-29,School of Engineering,CIE,3.92
492248,Abdulaziz,Mostafa,2004-04-30,School of Science,Nano,3.78
512267,Haneen,Moahmed,2005-12-18,School of Business,Management,3.19
991985,Abdulrahman,Shaaban,1999-03-10,School of Science,Nano,3.66
125424,Mahmoud,Mostafa,2002-03-01,School of Computer Science,DSAI,3.1
253415,Abdulaziz,Hani,2000-04-05,School of Engineering,Nano Tech,2.52
271959,Ali,Ahmed,2001-02-01,School of Business,Finance,2.82
110612,Ali,Samir,1999-03-07,School of Engineering,Nano Tech,3.81
140674,Abdullah,Mahmoud,1999-10-29,School of Engineering,Aero Space,3.77
946390,Rony,Abdelrahim,2001-01-10,School of Business,Finance,3.8
120030,Khaled,Moataz,2001-06-17,School of Computer Science,SWD,3.42
417566,Mazen,Abdulrahman,2002-12-05,School of Science,Nano,3.68
877832,Rony,Ramadan,2005-07-08,School of Business,Management,3.42
841975,Nada,Taha,2005-09-27,School of Business,Finance,3.2
609367,Amr,Abdulaziz,2002-10-11,School of Computer Science,SWD,3.19
977030,Abdulaziz,Abdulrahman,2003-10-30,School of Business,Management,2.51
839138,Hana,Abdulaziz,2002-10-14,School of Engineering,Nano Tech,2.8
830253,Fatma,Ramadan,2001-09-26,School of Engineering,Aero Space,3.9
157765,Karim,Abdullah,2004-06-04,School of Science,Bio Medical,2.89
877528,Fatma,Hatem,1999-01-12,School of Computer Science,IT,3.87
683446,Hana,Khaled,2003-12-02,School of Business,Finance,2.96
680672,Rony,Shaaban,1999-04-14,School of Science,Physics,2.85
648266,Hana,Mostafa,2003-05-17,School of Engineering,CIE,3.71
665267,Mahmoud,Abdelsalam,1999-07-06,School of Engineering,Renewable,2.71
699852,Hassan,Yasser,2004-03-24,School of Business,Management,3.75
984283,Ali,Hani,1999-10-03,School of Computer Science,SWD,3.8
601309,Aya,Ahmed,2001-10-12,School of Business,Finance,4.0
639565,Rahma,Yahia,2005-02-07,School of Computer Science,SWD,3.23
622455,Mark,Abdelrahim,2001-09-30,School of Business,Management,2.56
888034,Lina,Abdelsalam,1999-05-09,School of Computer Science,IT,3.45
377150,Ahmed,Karim,2005-05-17,School of Business,Marketing,3.27
581498,Mazen,Yasser,2001-07-13,School of Science,Bio Medical,2.69
464606,Amr,Tarek,2002-09-19,School of Computer Science,IT,3.64
836375,Abdulrahman,Moataz,2002-10-23,School of Science,Physics,2.68
473680,Rahma,Abdullah,2001-04-10,School of Business,Management,3.77
292271,Mark,Taha,2004-12-13,School of Engineering,Nano Tech,2.62
259039,Mark,Abdullah,2003-09-28,School of Computer Science,DSAI,3.96
932879,Mazen,Moahmed,2000-10-17,School of Engineering,Nano Tech,2.81
493477,Sara,Abdulrahman,2004-05-02,School of Engineering,Renewable,2.75
997151,Yahia,Abdelrahim,2000-11-18,School of Engineering,Aero Space,3.01
525580,Omar,Abdelsalam,2000-07-20,School of Business,Marketing,3.84
162302,Mahmoud,Abdulrahman,2002-06-13,School of Engineering,Nano Tech,2.65
286713,Ali,Ahmed,1999-08-21,School of Engineering,Nano Tech,3.78
131799,Mahmoud,Karim,2005-03-05,School of Computer Science,SWD,3.88
689214,Yasser,Abdulaziz,2002-11-29,School of Engineering,CIE,2.58
272264,Mariam,Mostafa,2000-08-18,School of Computer Science,IT,3.67
253794,Mark,Taha,2001-09-05,School of Science,Physics,3.36
888657,Youssef,Mostafa,2003-07-25,School of Computer Science,DSAI,2.54
356301,Nour,Hani,2001-10-21,School of Computer Science,SWD,2.55
486422,Haneen,Hatem,2004-01-01,School of Science,Bio Medical,3.43
713642,Mark,Tarek,1999-03-08,School of Business,Finance,3.14
128611,Seif,Ramadan,2005-01-06,School of Engineering,Renewable,3.14
764752,Ali,Taha,1999-08-28,School of Computer Science,DSAI,3.78
334765,Omar,Abdullah,2002-12-05,School of Science,Physics,3.95
302003,Abdullah,Yahia,2001-11-08,School of Business,Marketing,3.3
430764,Lina,Hendy,2001-12-30,School of Business,Finance,2.59
841951,Mark,Tarek,2001-04-14,School of Business,Management,3.12
253999,Haneen,Hendy,2001-07-16,School of Business,Marketing,2.54
420948,Ziad,Khaled,2002-05-08,School of Computer Science,DSAI,3.81
840699,Omar,Walid,2003-07-27,School of Engineering,Nano Tech,3.87
835596,Rahma,Abdullah,2005-07-18,School of Science,Bio Medical,2.68
117009,Fatma,Yahia,2004-01-08,School of Science,Physics,3.71
984906,Fatma,Ramadan,2004-08-13,School of Engineering,Renewable,2.98
821945,Mark,Hani,1999-03-15,School of Engineering,Renewable,3.13
216080,Rahma,Moataz,2004-05-26,School of Computer Science,IT,3.13
408778,Haneen,Samir,2000-08-17,School of Business,Marketing,2.99
357908,Omar,Youssef,2003-11-16,School of Engineering,Renewable,3.68
148724,Youssef,Shaaban,2001-06-21,School of Engineering,CIE,3.79
606274,Khaled,Walid,2002-08-18,School of Computer Science,DSAI,3.64
255020,Mazen,Shaaban,2000-08-12,School of Science,Bio Medical,3.85
921738,Hassan,Moataz,2000-03-26,School of Science,Nano,3.07
766595,Mazen,Youssef,2004-09-24,School of Computer Science,IT,2.66
309272,Sara,Samir,2000-07-20,School of Computer Science,DSAI,2.67
262685,Rahma,Ahmed,2005-05-07,School of Engineering,Nano Tech,3.76
315275,Karim,Youssef,2004-07-28,School of Computer Science,SWD,2.5
834185,Hassan,Yahia,2005-01-02,School of Computer Science,DSAI,3.06
516898,Mohamed,Tarek,2003-07-23,School of Computer Science,SWD,2.5
290833,Aya,Abdulrahman,2005-03-28,School of Engineering,CIE,3.39
901964,Ahmed,Moahmed,1999-10-12,School of Computer Science,DSAI,3.75
994574,Salma,Ali,2005-11-14,School of Science,Nano,2.7
895604,Youssef,Shaaban,2004-01-04,School of Science,Nano,3.57
733143,Salma,Yasser,2003-05-11,School of Engineering,Nano Tech,3.9
198007,Amr,Tarek,2002-03-15,School of Engineering,Aero Space,3.91
772279,Mahmoud,Yasser,2001-01-14,School of Science,Nano,2.77
631152,Lina,Youssef,2004-03-27,School of Computer Science,IT,3.48
800120,Aya,Youssef,2003-02-05,School of Computer Science,IT,3.0
308259,Salma,Hendy,2000-12-23,School of Business,Management,2.95
878926,Mariam,Karim,2002-03-21,School of Science,Nano,3.18
183887,Mohamed,Moataz,1999-09-08,School of Engineering,Nano Tech,3.94
635491,Abdulaziz,Youssef,2000-01-19,School of Business,Management,3.72
846143,Abdullah,Taha,1999-06-13,School of Computer Science,IT,3.39
410037,Yasser,Youssef,1999-07-20,School of Business,Management,3.93
889755,Mahmoud,Abdulrahman,2002-08-17,School of Science,Bio Medical,2.61
987690,Youssef,Mahmoud,2000-05-13,School of Computer Science,SWD,3.42
772890,Mahmoud,Mahmoud,2002-11-05,School of Computer Science,IT,2.56
588978,Omar,Ramadan,1999-11-17,School of Business,Finance,3.85
562762,Youssef,Mahmoud,2000-01-29,School of Science,Nano,2.71
942832,Lina,Khaled,2004-11-21,School of Business,Marketing,3.53
842195,Mohamed,Ali,2001-11-25,School of Science,Physics,3.79
273392,Abdullah,Moataz,2002-04-12,School of Engineering,Nano Tech,2.88
774076,Seif,Abdulrahman,2002-12-15,School of Science,Bio Medical,3.51
411722,Rony,Abdulrahman,1999-03-09,School of Engineering,CIE,3.98
805977,Abdullah,Tarek,2002-01-24,School of Computer Science,SWD,2.94
780620,Sara,Khaled,2004-01-15,School of Business,Management,3.41
692054,Lina,Walid,2000-11-02,School of Engineering,Nano Tech,3.02
513592,Yahia,Tarek,2003-06-06,School of Engineering,Aero Space,3.41
217722,Ziad,Shaaban,2003-12-14,School of Business,Management,3.37
284895,Hassan,Abdulaziz,2004-08-11,School of Engineering,Nano Tech,2.95
344105,Ziad,Yahia,2001-07-26,School of Computer Science,IT,3.28
355828,Mohamed,Samir,2000-08-28,School of Science,Bio Medical,3.19
412436,Sara,Khaled,2005-02-15,School of Computer Science,DSAI,3.86
973617,Abdullah,Abdulaziz,2005-02-11,School of Computer Science,DSAI,3.72
975648,Salma,Moahmed,2004-01-05,School of Computer Science,IT,3.87
492014,Aya,Hendy,2005-03-16,School of Science,Bio Medical,3.31
506231,Haneen,Abdulrahman,2000-07-14,School of Engineering,Nano Tech,3.15
255834,Youssef,Yasser,2002-07-15,School of Business,Finance,3.44
956567,Abdullah,Ramadan,2001-08-11,School of Science,Nano,3.42
166675,Rahma,Mahmoud,2003-07-11,School of Engineering,CIE,2.79
585166,Mariam,Youssef,2005-02-05,School of Engineering,Renewable,2.74
256378,Mazen,Khaled,2004-08-19,School of Science,Bio Medical,2.82
946073,Ali,Moahmed,1999-03-01,School of Business,Management,2.62
911130,Hussein,Yahia,1999-09-12,School of Engineering,CIE,2.74
712932,Nouran,Yahia,2002-09-23,School of Engineering,Aero Space,3.16
327269,Hussein,Yasser,2000-08-26,School of Engineering,Renewable,3.15
707792,Mohamed,Karim,2003-08-19,School of Science,Bio Medical,3.33
379187,Ali,Abdullah,2004-02-12,School of Science,Bio Medical,3.77
698616,Yasser,Hani,2000-07-17,School of Business,Management,2.73
182399,Haneen,Karim,2002-06-25,School of Engineering,Aero Space,3.84
897606,Nour,Mahmoud,2000-07-10,School of Business,Finance,3.88
776700,Ziad,Ali,2001-04-05,School of Business,Management,3.01
927309,Yahia,Shaaban,2005-12-12,School of Engineering,Nano Tech,2.97
307632,Ali,Yahia,2003-02-20,School of Business,Management,4.0
172596,Rahma,Tarek,2000-12-01,School of Science,Physics,3.28
919944,Lina,Ramadan,2003-10-26,School of Business,Management,2.91
424261,Aya,Youssef,2004-12-10,School of Engineering,Aero Space,3.29
185471,Mariam,Mahmoud,2004-06-09,School of Business,Marketing,3.24
642967,Haneen,Abdulaziz,2002-02-13,School of Computer Science,DSAI,2.66
143768,Mahmoud,Ali,1999-07-09,School of Science,Bio Medical,3.41
286561,Hassan,Samir,2000-05-11,School of Computer Science,IT,3.28
512062,Nada,Ramadan,2003-03-29,School of Engineering,Nano Tech,2.92
664439,Nada,Abdulaziz,1999-10-16,School of Science,Physics,3.85
495529,Ali,Abdelsalam,2004-04-15,School of Engineering,Nano Tech,3.26
938501,Haneen,Hendy,2002-02-03,School of Engineering,Renewable,3.87
991013,Nour,Ali,2001-07-05,School of Computer Science,DSAI,2.98
197809,Salma,Moahmed,2005-05-20,School of Business,Finance,3.0
484657,Haneen,Abdelsalam,2004-06-07,School of Engineering,CIE,3.69
226800,Hussein,Moahmed,2004-04-28,School of Science,Physics,3.78
534889,Haneen,Samir,2004-01-28,School of Business,Marketing,3.13
610245,Abdulaziz,Abdullah,2005-02-11,School of Science,Physics,3.98
822060,Salma,Shaaban,2000-08-26,School of Science,Bio Medical,3.87
516603,Amr,Shaaban,2000-02-17,School of Computer Science,DSAI,3.22
516238,Mark,Abdulrahman,1999-11-13,School of Computer Science,SWD,2.73
217513,Nour,Moahmed,2005-08-12,School of Science,Nano,3.9
299353,Seif,Khaled,2001-08-10,School of Engineering,Aero Space,3.63
910009,Hana,Hani,2004-07-19,School of Business,Finance,2.87
422484,Abdulaziz,Ramadan,2001-09-30,School of Business,Marketing,3.17
890638,Hussein,Abdulaziz,2001-04-26,School of Engineering,CIE,3.56
379091,Sara,Hatem,2001-12-26,School of Computer Science,IT,3.73
679112,Hassan,Moahmed,2002-03-17,School of Business,Marketing,2.92
389291,Hana,Abdulaziz,1999-05-23,School of Computer Science,DSAI,3.3
503033,Yasser,Hendy,2003-05-04,School of Engineering,Aero Space,2.99
462826,Layla,Abdulaziz,2004-10-01,School of Engineering,Renewable,3.46
158662,Rahma,Mostafa,2001-09-20,School of Computer Science,SWD,3.89
754621,Rony,Abdelsalam,2004-06-02,School of Business,Finance,3.28
705261,Aya,Mostafa,2001-08-05,School of Computer Science,SWD,3.27
439194,Karim,Ramadan,2004-07-04,School of Engineering,CIE,3.61
949864,Yasser,Moataz,2005-12-26,School of Science,Nano,3.48
293872,Nouran,Walid,2003-09-08,School of Engineering,Renewable,2.61
416625,Hussein,Hendy,2001-09-05,School of Science,Bio Medical,2.63
601720,Youssef,Ramadan,1999-11-13,School of Computer Science,SWD,3.92
967589,Ziad,Moataz,2001-11-18,School of Science,Nano,3.75
631467,Mariam,Hendy,2001-12-30,School of Business,Marketing,3.1
215160,Yasser,Mostafa,2001-06-04,School of Science,Nano,3.2
323227,Mohamed,Hatem,1999-07-04,School of Science,Nano,3.35
518359,Salma,Yahia,2004-06-27,School of Computer Science,DSAI,3.69
304021,Layla,Moahmed,1999-11-19,School of Science,Bio Medical,3.65
402175,Layla,Abdelsalam,2003-01-17,School of Engineering,Aero Space,3.79
676947,Hussein,Khaled,2004-10-30,School of Business,Marketing,2.57
328617,Layla,Walid,2002-09-02,School of Science,Nano,3.07
435189,Sara,Walid,2000-08-28,School of Business,Management,3.69
201377,Mazen,Tarek,2004-12-31,School of Engineering,CIE,3.73
116594,Mark,Walid,1999-07-29,School of Computer Science,IT,3.19
539630,Nada,Abdelsalam,2002-01-03,School of Business,Finance,2.81
227148,Fatma,Ali,2001-03-01,School of Computer Science,DSAI,2.76
706077,Sara,Shaaban,2004-08-09,School of Engineering,Renewable,3.84
531570,Seif,Yahia,1999-08-01,School of Engineering,Renewable,2.72
238313,Mohamed,Ali,2001-03-15,School of Science,Physics,2.51
468662,Sara,Taha,1999-01-16,School of Science,Nano,2.61
746155,Ahmed,Hani,2001-12-26,School of Engineering,Renewable,3.74
652960,Yahia,Taha,2000-05-11,School of Business,Marketing,2.52
352041,Rahma,Hatem,2000-01-09,School of Science,Physics,2.71
207633,Karim,Hani,2003-01-21,School of Science,Nano,3.18
457241,Sara,Abdulrahman,2001-03-24,School of Computer Science,IT,3.22
879200,Abdulaziz,Taha,2005-11-21,School of Computer Science,IT,3.16
832315,Mohamed,Abdullah,2004-12-06,School of Science,Nano,3.15
731508,Nada,Abdelrahim,2002-08-29,School of Engineering,Renewable,3.97
718180,Rahma,Moataz,1999-02-03,School of Business,Management,3.36
981838,Hana,Yahia,1999-04-01,School of Engineering,CIE,3.2
202645,Mark,Abdelrahim,2001-09-07,School of Engineering,Nano Tech,3.58
998851,Haneen,Khaled,2000-12-18,School of Science,Physics,3.9
634897,Khaled,Ahmed,1999-03-09,School of Business,Finance,2.91
931168,Mahmoud,Moataz,1999-09-12,School of Business,Finance,3.13
439327,Abdullah,Abdelsalam,1999-10-09,School of Computer Science,DSAI,3.75
418810,Ali,Abdelsalam,2002-09-29,School of Science,Nano,2.9
202265,Rahma,Mahmoud,2005-09-19,School of Computer Science,IT,2.86
183236,Ali,Mahmoud,2003-05-09,School of Business,Marketing,3.36
144414,Abdullah,Karim,2001-01-11,School of Science,Bio Medical,3.42
250986,Karim,Tarek,2000-06-10,School of Business,Marketing,2.83
979627,Karim,Hani,2001-08-26,School of Science,Nano,3.02
457604,Hana,Tarek,2004-07-11,School of Computer Science,SWD,2.83
154805,Mahmoud,Moahmed,2001-03-26,School of Science,Physics,2.97
985726,Salma,Abdelrahim,2000-12-22,School of Computer Science,SWD,2.72
318511,Amr,Hatem,2005-06-08,School of Science,Nano,3.36
729506,Nouran,Taha,2002-04-01,School of Business,Marketing,3.24
593271,Hassan,Karim,2002-09-08,School of Computer Science,SWD,2.54
160944,Hussein,Abdelrahim,1999-11-15,School of Science,Nano,3.03
387795,Nada,Hendy,2004-04-11,School of Science,Physics,3.06
375591,Amr,Yahia,2005-12-11,School of Business,Marketing,3.78
884487,Abdulaziz,Taha,2003-04-06,School of Computer Science,DSAI,3.31
834614,Layla,Yahia,2001-01-30,School of Business,Management,3.08
352380,Ziad,Hani,2001-09-10,School of Computer Science,DSAI,3.63
697676,Mohamed,Khaled,2002-05-19,School of Engineering,Aero Space,3.45
916107,Layla,Taha,2003-04-19,School of Business,Marketing,3.35
864549,Abdulrahman,Shaaban,2002-06-10,School of Business,Marketing,2.78
516071,Hassan,Abdulaziz,2003-01-26,School of Business,Finance,3.31
475553,Mahmoud,Shaaban,2003-03-29,School of Computer Science,IT,3.85
833490,Khaled,Tarek,2005-04-30,School of Science,Physics,2.6
945061,Mazen,Shaaban,2004-08-27,School of Science,Physics,3.64
661911,Youssef,Yasser,2003-07-19,School of Engineering,CIE,3.74
929368,Mazen,Yahia,2005-03-25,School of Computer Science,DSAI,2.65
172721,Khaled,Mahmoud,2002-10-16,School of Business,Management,2.76
505484,Karim,Mostafa,2003-01-13,School of Business,Marketing,2.97
633404,Nada,Abdulaziz,2000-09-13,School of Engineering,CIE,3.43
580894,Sara,Abdullah,2002-02-24,School of Computer Science,DSAI,3.27
294709,Nada,Mahmoud,2002-02-11,School of Engineering,Renewable,3.83
733295,Mariam,Moataz,2006-01-02,School of Science,Bio Medical,2.98
475330,Yasser,Moahmed,2005-11-03,School of Science,Nano,2.53
379376,Ziad,Khaled,2001-09-28,School of Business,Finance,3.64
733120,Fatma,Shaaban,2002-12-26,School of Business,Marketing,2.93
495666,Lina,Ahmed,2003-07-27,School of Business,Management,2.71
144134,Hussein,Abdullah,2005-07-27,School of Business,Finance,2.79
452159,Nouran,Hani,2001-05-25,School of Business,Marketing,3.17
195652,Khaled,Abdulrahman,2005-04-20,School of Business,Marketing,3.99
697549,Youssef,Karim,2003-07-18,School of Computer Science,DSAI,2.56
519765,Fatma,Yahia,1999-06-08,School of Engineering,Aero Space,2.74
208683,Nada,Karim,2000-01-27,School of Science,Physics,2.62
566067,Hana,Abdelrahim,2000-06-26,School of Science,Physics,2.85
996257,Abdullah,Moataz,2001-07-03,School of Business,Finance,2.83
930329,Abdullah,Moahmed,2001-09-22,School of Engineering,Nano Tech,2.71
216236,Ali,Tarek,1999-05-04,School of Computer Science,SWD,3.07
878675,Omar,Abdelsalam,2001-10-29,School of Computer Science,DSAI,3.04
503838,Seif,Moataz,2000-07-23,School of Computer Science,DSAI,2.86
920135,Yahia,Shaaban,2004-07-27,School of Computer Science,IT,3.49
258961,Karim,Tarek,2000-11-10,School of Engineering,CIE,3.96
817472,Hassan,Hendy,2003-04-08,School of Engineering,Aero Space,3.0
184172,Nada,Moataz,2002-03-26,School of Engineering,Renewable,2.76
209916,Khaled,Walid,2000-01-07,School of Computer Science,DSAI,3.71
935297,Mahmoud,Hani,2004-05-18,School of Science,Physics,3.23
264475,Sara,Samir,2004-05-01,School of Engineering,Renewable,3.17
993056,Youssef,Abdulaziz,2001-11-13,School of Business,Finance,3.29
975382,Seif,Tarek,2000-08-23,School of Business,Finance,2.51
482775,Hussein,Tarek,2001-02-17,School of Engineering,Nano Tech,3.72
690320,Abdullah,Shaaban,2000-10-19,School of Engineering,Nano Tech,2.78
916592,Amr,Hatem,2002-08-31,School of Business,Marketing,3.04
205909,Aya,Taha,2001-09-03,School of Computer Science,DSAI,3.01
704137,Rahma,Hendy,2004-12-04,School of Engineering,CIE,3.46
995735,Nouran,Ahmed,2001-09-11,School of Business,Finance,2.81
513686,Seif,Moahmed,2003-09-21,School of Computer Science,SWD,2.67
276434,Abdulaziz,Moahmed,2005-08-06,School of Computer Science,IT,3.86
206974,Lina,Yasser,2001-07-02,School of Science,Bio Medical,3.77
613740,Nada,Abdullah,1999-08-22,School of Engineering,Aero Space,2.75
290863,Abdulaziz,Shaaban,1999-08-17,School of Business,Finance,3.26
551443,Layla,Walid,2005-10-28,School of Business,Finance,2.99
870588,Nour,Moataz,2001-05-30,School of Science,Bio Medical,2.73
964828,Mohamed,Ahmed,2001-12-07,School of Science,Physics,2.66
895624,Nour,Abdulrahman,2001-06-20,School of Business,Management,2.78
318210,Seif,Mostafa,2000-08-29,School of Business,Finance,2.58
275769,Abdullah,Shaaban,2002-11-08,School of Business,Management,2.91
694124,Amr,Ramadan,2004-09-23,School of Business,Management,3.23
303969,Yasser,Samir,1999-10-28,School of Engineering,Nano Tech,2.76
640233,Nada,Abdelsalam,2005-07-01,School of Science,Physics,2.64
282326,Layla,Abdelsalam,2000-06-12,School of Science,Physics,3.6
371109,Hassan,Abdulaziz,2000-12-04,School of Business,Management,2.73
113355,Yahia,Walid,2005-12-22,School of Business,Marketing,3.9
995260,Hussein,Yasser,2001-04-03,School of Business,Management,2.91
611876,Omar,Mostafa,1999-05-26,School of Engineering,Nano Tech,3.08
215287,Amr,Ahmed,2000-12-19,School of Business,Marketing,3.91
515779,Yasser,Ali,2003-10-01,School of Science,Nano,3.87
641069,Yahia,Abdullah,2005-08-06,School of Computer Science,IT,3.54
818380,Ali,Abdullah,2004-05-02,School of Engineering,Nano Tech,3.41
413446,Ahmed,Abdullah,2005-06-28,School of Computer Science,SWD,3.59
646194,Abdulrahman,Moataz,2004-03-21,School of Science,Physics,2.65
787541,Mariam,Moataz,2002-07-15,School of Computer Science,DSAI,2.54
930975,Khaled,Walid,2000-07-13,School of Engineering,CIE,3.97
156737,Karim,Ramadan,1999-02-11,School of Engineering,CIE,3.88
143635,Haneen,Tarek,2001-03-03,School of Business,Marketing,3.86
238663,Yasser,Samir,2004-11-07,School of Engineering,Renewable,2.71
397121,Mazen,Tarek,2005-10-05,School of Engineering,Aero Space,2.85
985606,Abdulrahman,Moataz,2003-01-20,School of Science,Physics,2.75
780501,Hana,Walid,2000-05-05,School of Engineering,CIE,3.4
973615,Hana,Yasser,2000-07-26,School of Computer Science,SWD,2.97
762804,Sara,Mahmoud,2001-09-01,School of Engineering,Aero Space,2.74
850672,Karim,Walid,2001-10-29,School of Business,Finance,2.96
911029,Mark,Moahmed,2003-08-03,School of Engineering,CIE,3.68
214772,Nour,Samir,2000-11-15,School of Business,Finance,3.72
639045,Nada,Mostafa,2005-11-04,School of Science,Physics,3.38
949149,Hassan,Tarek,2002-08-25,School of Business,Finance,3.64
731947,Abdullah,Hatem,2004-08-17,School of Computer Science,SWD,2.61
405400,Aya,Ramadan,2001-09-30,School of Computer Science,SWD,2.94
950227,Mariam,Ali,2004-12-27,School of Business,Marketing,3.36
504886,Mariam,Hatem,2005-08-19,School of Business,Finance,2.94
990672,Mazen,Moahmed,2003-03-06,School of Business,Marketing,3.5
148819,Yasser,Samir,2002-05-27,School of Science,Physics,2.54
711562,Mohamed,Tarek,2003-06-21,School of Engineering,Renewable,3.81
953128,Mariam,Abdullah,2001-01-13,School of Science,Physics,3.62
153540,Rahma,Moataz,2004-08-12,School of Science,Physics,3.45
986737,Hana,Mahmoud,2005-06-25,School of Science,Bio Medical,3.21
580601,Nouran,Mahmoud,2001-10-11,School of Computer Science,IT,3.96
756051,Yasser,Abdelrahim,2001-09-03,School of Business,Marketing,3.45
765178,Youssef,Mahmoud,1999-08-14,School of Science,Nano,3.44
982856,Amr,Yahia,2000-03-17,School of Engineering,Nano Tech,3.67
747080,Mahmoud,Ali,2000-07-03,School of Science,Physics,2.51
286031,Salma,Ahmed,2000-05-06,School of Engineering,CIE,2.7
503629,Ziad,Taha,1999-08-27,School of Business,Management,2.81
816716,Rahma,Hendy,2000-03-29,School of Science,Bio Medical,2.96
652594,Khaled,Yasser,1999-01-24,School of Science,Physics,2.93
275152,Sara,Moataz,1999-05-01,School of Business,Marketing,3.46
264213,Ziad,Yasser,2003-08-05,School of Business,Marketing,3.09
252321,Fatma,Yasser,2002-10-09,School of Computer Science,SWD,3.83
589825,Mohamed,Tarek,2001-12-17,School of Science,Physics,2.7
392032,Abdullah,Hatem,2002-04-30,School of Business,Finance,3.47
959574,Abdulrahman,Ahmed,2002-04-11,School of Engineering,Nano Tech,3.86
135736,Khaled,Mostafa,2000-12-10,School of Engineering,Aero Space,2.51
902806,Hassan,Moataz,2003-01-09,School of Engineering,Renewable,3.45
785970,Youssef,Abdulaziz,2005-04-10,School of Business,Finance,2.69
680370,Mark,Abdulrahman,2005-11-14,School of Computer Science,SWD,2.63
527429,Ali,Mostafa,2001-07-14,School of Computer Science,SWD,2.7
190245,Hussein,Ramadan,2005-05-28,School of Business,Finance,3.58
431670,Hassan,Youssef,2002-04-24,School of Business,Marketing,2.69
802885,Nouran,Moataz,2002-12-30,School of Engineering,CIE,3.19
282215,Omar,Hendy,2003-04-01,School of Computer Science,IT,3.18
838359,Fatma,Tarek,2003-12-14,School of Computer Science,IT,3.6
525879,Abdullah,Walid,2001-01-03,School of Computer Science,SWD,2.7
399331,Karim,Hatem,2004-09-24,School of Engineering,Aero Space,4.0
556308,Fatma,Shaaban,2003-04-22,School of Computer Science,IT,3.4
394410,Rony,Walid,2002-06-07,School of Science,Bio Medical,3.3
894809,Ali,Yahia,1999-08-14,School of Business,Marketing,3.92
513941,Youssef,Samir,2003-11-15,School of Science,Physics,2.91
678162,Karim,Abdelsalam,2003-06-28,School of Science,Physics,3.95
845237,Khaled,Samir,2002-08-13,School of Business,Finance,2.66
774400,Rahma,Yahia,2005-06-30,School of Science,Nano,3.74
111452,Abdulaziz,Walid,2002-07-24,School of Engineering,Renewable,3.31
120413,Mazen,Shaaban,2003-11-20,School of Computer Science,DSAI,3.46
646304,Amr,Mostafa,2000-11-09,School of Science,Bio Medical,3.57
815467,Mark,Moahmed,2003-09-21,School of Business,Finance,3.56
309289,Nouran,Ahmed,2003-03-09,School of Engineering,Aero Space,3.44
415092,Abdulaziz,Mahmoud,1999-04-10,School of Business,Management,3.34
913377,Salma,Abdulrahman,2004-08-03,School of Science,Physics,3.67
548210,Hussein,Ahmed,2005-11-10,School of Engineering,Nano Tech,3.98
901885,Abdulrahman,Shaaban,2001-04-25,School of Computer Science,IT,2.58
869012,Rony,Youssef,2002-09-25,School of Business,Marketing,2.77
307717,Lina,Ali,2001-10-06,School of Engineering,Renewable,3.56
653639,Seif,Mostafa,2003-07-09,School of Engineering,CIE,3.33
323481,Lina,Yahia,2002-10-03,School of Business,Management,3.71
434442,Haneen,Hatem,2002-02-26,School of Engineering,Renewable,3.3
494536,Abdulrahman,Yasser,2002-09-05,School of Computer Science,SWD,3.05
183088,Hana,Karim,2003-01-05,School of Computer Science,DSAI,3.45
652674,Nada,Yahia,2000-06-20,School of Business,Finance,2.76
142443,Abdullah,Abdulaziz,1999-05-09,School of Computer Science,SWD,2.53
119932,Haneen,Hani,2004-08-18,School of Business,Marketing,3.21
124892,Seif,Moahmed,2004-02-21,School of Computer Science,SWD,3.44
497144,Karim,Abdullah,2003-04-09,School of Computer Science,DSAI,3.72
319191,Nada,Abdelrahim,2002-11-14,School of Computer Science,DSAI,2.84
291738,Mark,Samir,2002-10-05,School of Computer Science,SWD,2.86
167259,Ahmed,Ali,2001-02-12,School of Science,Nano,3.54
780712,Youssef,Abdulrahman,2004-08-26,School of Engineering,Aero Space,2.66
658375,Lina,Yahia,2001-11-16,School of Science,Physics,3.07
274666,Aya,Abdullah,2001-12-05,School of Computer Science,IT,3.48
839811,Omar,Yasser,2001-11-08,School of Computer Science,SWD,2.99
197114,Mark,Yahia,2002-01-25,School of Science,Bio Medical,3.76
916238,Rahma,Abdulaziz,2002-10-06,School of Computer Science,IT,3.66
187377,Ziad,Khaled,2004-05-12,School of Engineering,Aero Space,3.41
224946,Nour,Abdulaziz,2003-11-02,School of Business,Marketing,2.9
868503,Mariam,Abdelsalam,2002-05-25,School of Business,Management,3.3
381661,Yasser,Taha,2004-03-06,School of Engineering,Renewable,3.86
333345,Ziad,Walid,2000-12-13,School of Computer Science,IT,2.75
520047,Hussein,Hatem,2005-10-05,School of Science,Nano,2.75
112483,Abdulaziz,Yahia,2003-12-26,School of Engineering,Renewable,2.63
621916,Mariam,Abdulrahman,2005-05-26,School of Business,Marketing,3.61
284378,Layla,Hani,2004-08-15,School of Engineering,Aero Space,2.55
824055,Rahma,Abdullah,2002-10-18,School of Business,Management,3.49
141528,Abdulrahman,Abdelsalam,2002-05-13,School of Science,Nano,2.6
546298,Rahma,Mahmoud,2000-11-09,School of Science,Nano,2.97
118162,Nour,Youssef,2001-09-29,School of Computer Science,IT,3.73
922295,Salma,Yahia,2004-10-24,School of Business,Management,3.49
953234,Haneen,Hatem,2005-01-31,School of Science,Nano,3.25
183496,Nour,Khaled,2004-06-21,School of Engineering,Nano Tech,3.02
328912,Mahmoud,Abdullah,2005-05-24,School of Business,Marketing,2.66
288991,Haneen,Abdelrahim,2001-07-29,School of Computer Science,DSAI,3.73
180312,Amr,Walid,2003-11-01,School of Business,Marketing,2.84
232489,Ziad,Karim,2002-05-24,School of Science,Bio Medical,3.92
728823,Seif,Karim,2003-06-18,School of Computer Science,DSAI,3.9
890522,Mohamed,Ramadan,2005-04-22,School of Engineering,Aero Space,3.27
408750,Mariam,Taha,2002-09-09,School of Engineering,CIE,3.55
442009,Haneen,Samir,2005-04-08,School of Science,Nano,3.63
671853,Mohamed,Karim,2001-02-12,School of Computer Science,SWD,2.59
122984,Ahmed,Ahmed,2002-08-12,School of Science,Physics,3.94
347912,Nouran,Abdulrahman,2002-02-16,School of Business,Management,3.14
321793,Yahia,Abdulrahman,2000-12-19,School of Science,Physics,2.53
160057,Amr,Abdulaziz,2002-07-12,School of Science,Physics,3.73
693707,Mariam,Mostafa,2004-04-19,School of Business,Finance,3.83
828667,Amr,Abdelsalam,2003-04-20,School of Engineering,Aero Space,3.37
892979,Omar,Ahmed,2004-08-16,School of Science,Nano,2.96
378465,Yasser,Hani,2000-09-03,School of Science,Physics,3.44
970264,Rony,Abdulaziz,2002-01-02,School of Computer Science,SWD,3.52
595187,Khaled,Moataz,2001-11-27,School of Science,Bio Medical,3.78
907153,Sara,Khaled,2002-07-10,School of Computer Science,SWD,3.92
832291,Yasser,Ramadan,2004-06-25,School of Science,Physics,3.39
132917,Hassan,Ramadan,2001-03-04,School of Science,Physics,2.66
333898,Mohamed,Abdullah,2005-09-25,School of Computer Science,DSAI,3.77
340656,Salma,Abdelrahim,1999-03-19,School of Science,Physics,3.35
282586,Ali,Yasser,2003-04-24,School of Business,Management,3.5
324660,Mohamed,Abdulrahman,2003-08-04,School of Science,Physics,2.78
873748,Aya,Hendy,2002-06-15,School of Engineering,Renewable,3.6
107791,Ali,Hani,2005-02-06,School of Business,Finance,3.79
825364,Youssef,Yasser,2004-01-13,School of Business,Finance,3.54
870227,Lina,Walid,2001-03-31,School of Business,Management,3.06
832711,Sara,Walid,2003-09-22,School of Business,Management,2.73
552325,Rahma,Youssef,1999-01-29,School of Engineering,Renewable,3.09
397247,Rony,Samir,2003-12-21,School of Science,Physics,3.72
502925,Lina,Abdulrahman,1999-01-10,School of Computer Science,DSAI,2.91
327390,Abdullah,Yahia,2002-06-25,School of Business,Finance,3.94
685176,Sara,Walid,2001-02-28,School of Computer Science,DSAI,3.43
201606,Nouran,Abdulrahman,1999-08-23,School of Computer Science,SWD,2.62
316907,Rahma,Yahia,2000-01-24,School of Science,Bio Medical,2.5
477707,Youssef,Hani,2002-04-19,School of Computer Science,SWD,2.58
689596,Salma,Abdelsalam,2000-02-12,School of Engineering,Renewable,3.22
170766,Nouran,Hatem,2002-10-03,School of Computer Science,SWD,3.41
852604,Mariam,Walid,2000-01-28,School of Computer Science,SWD,3.38
645045,Rony,Moahmed,2005-09-06,School of Engineering,Aero Space,2.96
168263,Nouran,Taha,2000-08-14,School of Computer Science,DSAI,3.97
395565,Hassan,Hatem,2001-08-14,School of Engineering,Nano Tech,2.71
344616,Youssef,Karim,2003-04-21,School of Computer Science,SWD,3.44
988834,Ziad,Walid,2005-06-16,School of Science,Nano,2.71
851181,Seif,Yasser,2004-11-13,School of Computer Science,DSAI,2.51
236646,Rony,Samir,2000-03-19,School of Business,Management,3.72
568236,Fatma,Mahmoud,2000-10-29,School of Engineering,Renewable,3.65
380478,Nour,Mostafa,2001-02-19,School of Computer Science,DSAI,3.91
477993,Karim,Ahmed,2003-06-26,School of Science,Physics,3.76
747322,Mariam,Karim,2000-12-23,School of Computer Science,IT,3.58
510340,Abdulrahman,Mahmoud,1999-06-07,School of Computer Science,DSAI,2.7
440077,Mariam,Abdelsalam,2004-08-08,School of Computer Science,SWD,2.94
522660,Nouran,Abdulrahman,2001-08-17,School of Business,Finance,3.63
881915,Salma,Karim,2005-06-05,School of Business,Finance,3.04
830284,Hussein,Abdullah,2003-11-02,School of Engineering,Nano Tech,3.06
793568,Hana,Shaaban,2003-04-16,School of Computer Science,IT,2.78
997289,Mark,Mostafa,2001-11-29,School of Business,Finance,3.05
780240,Mohamed,Mostafa,2001-08-22,School of Science,Physics,3.47
951220,Mahmoud,Ahmed,2000-05-13,School of Engineering,CIE,2.57
403779,Abdulaziz,Taha,2005-06-20,School of Engineering,Renewable,3.78
183625,Layla,Taha,2004-11-20,School of Engineering,Nano Tech,3.49
669497,Khaled,Hendy,2002-03-29,School of Science,Nano,3.87
708582,Sara,Hendy,2004-01-02,School of Engineering,Aero Space,3.12
374187,Khaled,Mahmoud,2002-02-17,School of Engineering,CIE,3.86
545058,Nouran,Youssef,2004-01-15,School of Engineering,Aero Space,3.93
857100,Seif,Yahia,2004-11-17,School of Science,Bio Medical,3.18
928533,Sara,Hani,2002-11-12,School of Business,Management,3.81
470925,Hassan,Walid,2005-04-28,School of Science,Physics,3.58
486122,Abdulrahman,Taha,2005-03-01,School of Engineering,Nano Tech,3.62
573450,Nour,Karim,2001-03-03,School of Science,Physics,3.04
536243,Hassan,Moahmed,2005-05-30,School of Business,Management,3.9
115345,Yahia,Karim,2001-12-12,School of Engineering,Renewable,3.81
112491,Mohamed,Hani,1999-12-25,School of Business,Finance,3.84
760720,Khaled,Walid,1999-04-30,School of Science,Nano,2.64
270476,Nour,Karim,2001-05-10,School of Business,Marketing,3.11
354197,Lina,Ali,1999-05-01,School of Science,Physics,2.96
804171,Yasser,Moahmed,2005-05-15,School of Business,Finance,3.85
837691,Mohamed,Abdelsalam,2003-01-21,School of Engineering,Aero Space,3.03
487970,Layla,Khaled,2000-05-11,School of Business,Finance,3.83
618732,Omar,Ramadan,2001-08-10,School of Engineering,CIE,3.44
409648,Hana,Samir,2003-04-12,School of Computer Science,DSAI,2.8
821342,Yahia,Abdelsalam,2003-03-24,School of Science,Nano,3.24
468011,Lina,Abdullah,2000-06-20,School of Engineering,CIE,3.82
641123,Ali,Mostafa,2005-08-29,School of Engineering,CIE,3.87
149921,Yasser,Ahmed,2001-12-03,School of Business,Management,2.62
296033,Hussein,Hendy,2002-01-24,School of Computer Science,SWD,3.15
147626,Haneen,Yahia,2002-05-29,School of Science,Physics,3.1
661361,Mariam,Khaled,2004-03-01,School of Business,Marketing,3.84
316414,Ziad,Mostafa,2001-12-03,School of Science,Bio Medical,2.93
417848,Ali,Moataz,2005-05-01,School of Engineering,Nano Tech,2.89
117849,Nada,Ali,2000-02-11,School of Computer Science,SWD,3.27
677232,Nouran,Moahmed,2001-12-23,School of Engineering,Renewable,3.3
754864,Ziad,Yahia,2005-10-17,School of Engineering,Aero Space,2.78
311431,Hassan,Mahmoud,1999-11-20,School of Computer Science,SWD,3.3
605142,Layla,Moahmed,2005-02-18,School of Science,Bio Medical,2.94
735684,Lina,Moataz,2004-09-20,School of Computer Science,SWD,3.08
634028,Abdullah,Abdelsalam,2005-03-30,School of Business,Marketing,3.46
998597,Hussein,Karim,1999-03-12,School of Science,Bio Medical,3.69
202418,Rahma,Yasser,2003-04-08,School of Computer Science,SWD,3.82
437740,Mazen,Youssef,1999-08-05,School of Business,Marketing,3.22
750913,Yasser,Tarek,2001-09-16,School of Engineering,Aero Space,3.41
870315,Salma,Abdelsalam,2002-12-23,School of Science,Physics,3.35
963033,Salma,Karim,2001-09-24,School of Science,Bio Medical,3.96
642322,Omar,Samir,2002-09-06,School of Science,Nano,3.57
765985,Rony,Khaled,2002-12-15,School of Engineering,Renewable,3.5
822374,Nouran,Karim,2001-10-17,School of Engineering,CIE,3.45
461211,Ahmed,Hani,2002-01-03,School of Science,Physics,3.88
252554,Nour,Tarek,2000-01-08,School of Science,Bio Medical,2.62
877505,Lina,Moataz,1999-11-15,School of Engineering,CIE,2.96
275590,Haneen,Hani,2002-10-16,School of Engineering,Aero Space,3.64
607023,Aya,Hatem,2003-11-21,School of Computer Science,IT,3.56
863550,Yasser,Youssef,1999-05-13,School of Science,Nano,2.99
481898,Mark,Mostafa,1999-05-03,School of Engineering,Renewable,3.82
339124,Mariam,Ahmed,2000-07-09,School of Business,Finance,3.67
867984,Salma,Hani,2000-10-13,School of Engineering,Renewable,2.96
193471,Khaled,Abdulaziz,2005-02-22,School of Engineering,CIE,3.87
475011,Khaled,Samir,2003-08-08,School of Business,Management,3.06
624783,Aya,Ramadan,2005-10-10,School of Business,Management,2.91
515679,Abdulaziz,Shaaban,2003-02-18,School of Engineering,CIE,3.88
591483,Mazen,Abdelsalam,2005-06-04,School of Science,Bio Medical,3.31
244194,Mark,Youssef,2000-08-07,School of Computer Science,IT,2.71
821344,Mahmoud,Mahmoud,1999-02-14,School of Science,Nano,3.1
186756,Rony,Mahmoud,2003-02-21,School of Business,Marketing,2.71
389609,Mohamed,Abdelrahim,2000-11-15,School of Science,Bio Medical,2.62
298619,Nouran,Khaled,2005-08-08,School of Engineering,Aero Space,3.34
538490,Amr,Ramadan,2000-12-08,School of Engineering,Nano Tech,3.99
700915,Sara,Moahmed,2004-01-23,School of Engineering,Renewable,2.65
550824,Rahma,Hendy,2002-03-06,School of Science,Nano,2.78
792169,Mahmoud,Yahia,1999-01-25,School of Computer Science,SWD,2.62
880271,Salma,Tarek,2002-09-14,School of Business,Management,2.54
433835,Hassan,Walid,2003-10-21,School of Science,Bio Medical,3.55
558072,Omar,Shaaban,2004-06-06,School of Science,Nano,3.9
597632,Yasser,Hani,1999-03-14,School of Science,Bio Medical,3.32
335862,Youssef,Hani,1999-12-05,School of Business,Finance,3.96
627313,Rahma,Yasser,2001-04-03,School of Business,Management,2.93
290244,Haneen,Hatem,2005-01-22,School of Science,Nano,3.23
553096,Layla,Ali,2005-04-16,School of Science,Nano,3.66
289436,Amr,Shaaban,2002-08-28,School of Science,Nano,3.41
255409,Hana,Hendy,2000-01-19,School of Science,Nano,3.74
647029,Sara,Ahmed,2001-12-16,School of Science,Physics,3.53
217686,Nada,Moataz,2005-12-31,School of Business,Finance,3.0
774117,Nour,Hani,2002-10-02,School of Engineering,Aero Space,3.58
358151,Nour,Yahia,2005-07-31,School of Engineering,Nano Tech,3.38
540466,Karim,Hatem,2005-02-16,School of Science,Physics,2.92
893208,Haneen,Samir,2004-02-20,School of Science,Physics,3.47
566435,Khaled,Taha,2000-11-18,School of Business,Finance,3.5
319864,Lina,Ali,2001-06-17,School of Business,Marketing,3.6
644478,Sara,Yasser,2000-02-25,School of Business,Finance,4.0
591288,Nour,Ali,1999-09-29,School of Engineering,Nano Tech,3.48
843592,Abdullah,Abdelsalam,1999-05-31,School of Computer Science,SWD,3.5
297409,Salma,Yahia,2000-07-20,School of Science,Bio Medical,2.52
471781,Yasser,Karim,2002-08-17,School of Business,Finance,2.72
781518,Fatma,Hendy,2003-04-28,School of Computer Science,IT,3.78
657545,Ziad,Mahmoud,2005-10-23,School of Business,Marketing,2.65
951366,Ziad,Ali,2002-03-10,School of Science,Physics,3.93
870470,Karim,Moahmed,2002-12-05,School of Engineering,Nano Tech,3.29
446532,Ziad,Samir,2003-11-02,School of Science,Bio Medical,3.9
145761,Rony,Tarek,1999-09-10,School of Engineering,Nano Tech,3.56
801715,Mark,Mostafa,2003-01-24,School of Science,Physics,2.96
899123,Amr,Hendy,2002-08-28,School of Computer Science,DSAI,3.95
553954,Yasser,Abdulaziz,2003-06-26,School of Science,Nano,3.33
795873,Salma,Moataz,2001-05-30,School of Science,Bio Medical,3.95
403853,Lina,Yahia,2000-06-17,School of Computer Science,IT,3.36
591046,Omar,Yahia,1999-10-17,School of Business,Finance,3.09
596317,Rony,Mostafa,2002-05-17,School of Science,Nano,3.5
864636,Abdullah,Mostafa,2000-04-21,School of Science,Bio Medical,3.31
196209,Abdulrahman,Moataz,1999-05-08,School of Computer Science,DSAI,3.07
642038,Mohamed,Moahmed,2005-05-14,School of Engineering,Nano Tech,2.63
209497,Hassan,Shaaban,2002-05-14,School of Business,Finance,3.6
603564,Ahmed,Mahmoud,2003-06-12,School of Science,Bio Medical,3.27
286625,Abdulrahman,Hani,2003-11-26,School of Business,Finance,3.91
353913,Hassan,Ali,2001-01-29,School of Business,Finance,3.79
755665,Lina,Shaaban,2004-08-22,School of Engineering,Renewable,3.72
434083,Nada,Shaaban,2003-07-15,School of Science,Physics,3.38
232367,Nour,Yasser,1999-06-30,School of Science,Bio Medical,3.09
131534,Ziad,Khaled,2003-12-14,School of Computer Science,IT,3.0
312372,Nada,Youssef,2003-10-02,School of Engineering,Nano Tech,2.99
302683,Ali,Moahmed,2002-04-25,School of Engineering,CIE,2.61
503723,Hussein,Yahia,2003-03-01,School of Science,Physics,2.92
616544,Rony,Shaaban,2004-10-03,School of Engineering,CIE,2.61
555575,Abdullah,Hani,2002-04-29,School of Engineering,Renewable,3.86
243022,Layla,Abdelrahim,2000-10-29,School of Science,Bio Medical,2.62
232788,Abdulaziz,Taha,2004-02-18,School of Science,Physics,2.59
635294,Salma,Mahmoud,2002-08-21,School of Science,Nano,3.98
415427,Abdullah,Mahmoud,2002-02-22,School of Science,Nano,3.91
230945,Nouran,Abdelsalam,2000-10-28,School of Business,Marketing,3.8
600874,Mazen,Yahia,2000-04-18,School of Computer Science,SWD,2.54
367819,Fatma,Hatem,2005-10-01,School of Science,Bio Medical,2.66
626164,Rahma,Hatem,2001-09-17,School of Engineering,Aero Space,3.68
515575,Salma,Yasser,2003-03-02,School of Engineering,Aero Space,3.15
575472,Mohamed,Karim,2003-06-14,School of Engineering,Nano Tech,3.19
609819,Amr,Ali,2004-08-14,School of Engineering,Renewable,2.62
634197,Rahma,Abdelsalam,2005-06-14,School of Business,Management,3.14
283681,Yasser,Abdelrahim,1999-08-02,School of Science,Nano,3.75
616425,Sara,Mostafa,1999-11-24,School of Engineering,CIE,2.95
101907,Ali,Shaaban,2005-08-21,School of Engineering,Aero Space,2.63
951501,Mariam,Abdulrahman,2001-01-08,School of Business,Marketing,2.92
689471,Layla,Abdulrahman,2001-04-30,School of Science,Bio Medical,2.85
341385,Nada,Karim,2000-02-12,School of Engineering,Nano Tech,3.34
425058,Youssef,Hendy,2002-02-23,School of Business,Finance,3.53
582939,Nada,Moataz,2003-10-09,School of Science,Nano,3.9
900481,Yahia,Ali,2000-09-29,School of Science,Bio Medical,3.95
250800,Hana,Tarek,1999-05-17,School of Engineering,CIE,2.72
809991,Abdulaziz,Mostafa,2001-02-22,School of Computer Science,DSAI,3.63
116482,Rahma,Abdulrahman,2002-04-09,School of Computer Science,IT,2.9
780245,Nour,Youssef,2001-08-07,School of Engineering,CIE,3.62
785298,Yahia,Abdullah,2003-12-03,School of Computer Science,IT,3.89
766824,Youssef,Hatem,2005-07-13,School of Science,Physics,3.54
350459,Haneen,Mostafa,2004-11-08,School of Business,Marketing,2.54
913127,Amr,Ahmed,2004-01-31,School of Business,Finance,2.52
737385,Yasser,Mahmoud,2001-10-17,School of Science,Physics,2.92
170996,Mark,Abdulaziz,2005-10-17,School of Science,Physics,3.7
664480,Ahmed,Moataz,2005-10-29,School of Science,Physics,3.77
293726,Nada,Abdelsalam,2005-07-16,School of Engineering,CIE,2.76
712693,Mariam,Samir,2002-09-04,School of Business,Marketing,3.28
654142,Aya,Moataz,2003-11-27,School of Science,Nano,3.33
413869,Fatma,Yasser,2001-04-01,School of Science,Bio Medical,3.61
253037,Abdulrahman,Hani,2003-11-11,School of Business,Management,3.98
498226,Seif,Walid,1999-03-14,School of Business,Management,3.1
628511,Mariam,Ahmed,2000-05-21,School of Computer Science,DSAI,2.6
647834,Fatma,Walid,1999-04-18,School of Engineering,CIE,3.67
362021,Mark,Yahia,2000-08-28,School of Business,Management,2.79
300957,Sara,Abdelsalam,2003-11-30,School of Computer Science,IT,3.33
481721,Salma,Moahmed,2000-12-18,School of Business,Management,2.98
303808,Nada,Ali,2003-07-06,School of Engineering,Renewable,3.01
270482,Mark,Abdelrahim,2001-10-26,School of Computer Science,SWD,3.06
446362,Abdullah,Yahia,2000-10-19,School of Science,Physics,2.51
173181,Amr,Hatem,2003-03-16,School of Science,Physics,3.97
521609,Hana,Karim,2003-01-18,School of Business,Management,3.78
840371,Nour,Tarek,2003-07-26,School of Science,Nano,3.42
639086,Haneen,Ali,2001-11-07,School of Computer Science,IT,2.93
406579,Ahmed,Yahia,2003-07-16,School of Engineering,CIE,3.45
975570,Layla,Hendy,2000-12-08,School of Computer Science,IT,2.82
289666,Hassan,Abdelsalam,2000-04-14,School of Science,Physics,2.95
959517,Mohamed,Ali,2003-06-22,School of Science,Bio Medical,3.02
366814,Salma,Taha,2005-01-26,School of Engineering,Nano Tech,2.64
672980,Salma,Ramadan,2005-10-03,School of Computer Science,SWD,3.57
408800,Youssef,Ali,2001-04-09,School of Computer Science,IT,3.04
172179,Sara,Mahmoud,2000-07-30,School of Engineering,CIE,3.47
496887,Khaled,Moataz,2001-05-30,School of Engineering,Renewable,3.71
530717,Ahmed,Youssef,1999-02-11,School of Computer Science,IT,3.11
203267,Nour,Yahia,2003-04-02,School of Engineering,Renewable,3.7
387204,Ziad,Abdulaziz,2005-09-25,School of Science,Nano,3.9
407402,Omar,Yasser,1999-11-07,School of Computer Science,SWD,3.08
560342,Hana,Mostafa,2001-05-16,School of Science,Nano,2.85
687630,Ali,Hendy,2000-04-30,School of Science,Physics,3.96
287549,Mazen,Ahmed,2001-05-03,School of Science,Physics,2.64
409393,Nour,Taha,2000-09-24,School of Computer Science,DSAI,2.8
506385,Abdulrahman,Youssef,1999-03-01,School of Business,Management,3.97
792052,Amr,Taha,2001-03-17,School of Computer Science,IT,3.86
870024,Ahmed,Tarek,2005-10-06,School of Science,Nano,3.52
320680,Nada,Ahmed,2005-01-01,School of Engineering,CIE,3.29
425110,Abdullah,Abdelsalam,2001-07-02,School of Business,Finance,3.63
893515,Khaled,Youssef,2004-09-06,School of Business,Management,3.53
608027,Lina,Tarek,2002-12-19,School of Engineering,CIE,3.9
846311,Mohamed,Hendy,2005-12-26,School of Engineering,Nano Tech,3.26
786543,Nour,Abdulaziz,2000-10-09,School of Science,Nano,3.18
533126,Mahmoud,Hani,2000-04-23,School of Business,Management,3.31
302473,Rony,Hatem,2005-09-23,School of Business,Marketing,3.32
385066,Amr,Ali,2005-05-09,School of Computer Science,DSAI,2.99
826318,Ahmed,Abdulrahman,2001-04-12,School of Engineering,Nano Tech,2.53
221434,Mahmoud,Mahmoud,2004-10-26,School of Engineering,Aero Space,3.4
705818,Lina,Shaaban,2004-12-05,School of Science,Bio Medical,2.91
224855,Hussein,Mahmoud,2005-09-07,School of Business,Finance,3.35
233450,Salma,Abdelrahim,2005-07-19,School of Business,Finance,3.73
338224,Amr,Moataz,2003-07-22,School of Science,Bio Medical,2.8
919855,Hassan,Yahia,2002-02-17,School of Engineering,CIE,3.98
559428,Fatma,Mahmoud,1999-08-07,School of Engineering,CIE,2.59
897829,Mark,Taha,2005-03-04,School of Engineering,CIE,3.96
681492,Nada,Abdelrahim,1999-09-28,School of Computer Science,IT,3.88
250457,Abdullah,Yahia,2005-07-06,School of Engineering,Aero Space,2.53
906070,Khaled,Walid,2000-01-27,School of Business,Finance,3.73
295835,Seif,Taha,2002-07-21,School of Engineering,Renewable,3.23
160997,Mark,Samir,2001-05-29,School of Computer Science,DSAI,3.64
191301,Rahma,Mahmoud,2003-02-12,School of Business,Finance,3.77
491561,Ziad,Mahmoud,2004-12-07,School of Science,Nano,3.21
975803,Ali,Tarek,2004-04-28,School of Business,Finance,3.89
669334,Ahmed,Khaled,1999-03-19,School of Science,Bio Medical,3.21
253369,Abdulrahman,Youssef,2002-01-18,School of Business,Marketing,3.25
746642,Hana,Abdulrahman,2002-08-31,School of Science,Bio Medical,3.8
860100,Haneen,Shaaban,2003-04-04,School of Business,Management,2.56
644033,Nour,Tarek,2003-01-19,School of Business,Management,3.77
622994,Yahia,Youssef,2001-09-10,School of Business,Marketing,2.91
720950,Nour,Ali,2002-05-23,School of Business,Finance,3.61
108445,Abdulrahman,Yasser,2003-08-12,School of Science,Nano,3.31
304722,Hassan,Hani,2000-10-23,School of Science,Bio Medical,3.6
492520,Haneen,Hatem,2003-08-01,School of Business,Finance,2.65
402527,Mohamed,Samir,2002-05-16,School of Engineering,Nano Tech,3.4
180772,Mariam,Tarek,2001-11-29,School of Computer Science,DSAI,2.84
812876,Ziad,Abdullah,2005-04-08,School of Computer Science,IT,3.75
198106,Ahmed,Tarek,2002-04-19,School of Computer Science,DSAI,3.5
246015,Ahmed,Hatem,2002-10-14,School of Science,Bio Medical,3.85
326086,Abdullah,Shaaban,2000-10-18,School of Science,Physics,3.74
508379,Nada,Abdelrahim,1999-02-27,School of Science,Physics,3.96
830581,Mazen,Mahmoud,1999-07-16,School of Computer Science,DSAI,2.59
110284,Haneen,Mostafa,2001-05-30,School of Engineering,CIE,3.46
588422,Mark,Abdelrahim,2004-05-08,School of Science,Nano,3.68
893518,Sara,Yasser,1999-01-27,School of Business,Finance,3.49
694170,Nour,Mostafa,2000-10-21,School of Computer Science,SWD,2.67
686703,Sara,Mahmoud,1999-01-17,School of Computer Science,DSAI,3.69
856660,Nouran,Mahmoud,2000-03-13,School of Science,Bio Medical,3.62
146061,Karim,Abdelsalam,2003-02-16,School of Science,Nano,3.31
520364,Abdulrahman,Ali,1999-03-11,School of Computer Science,DSAI,3.76
444513,Aya,Hani,2005-04-24,School of Science,Bio Medical,3.86
724289,Khaled,Abdulrahman,2004-05-28,School of Business,Finance,3.62
837542,Layla,Youssef,1999-06-08,School of Computer Science,IT,2.65
492180,Youssef,Moataz,2003-04-03,School of Business,Marketing,2.82
268495,Khaled,Abdelrahim,2001-10-29,School of Engineering,Renewable,2.72
764470,Lina,Walid,2000-10-05,School of Engineering,Renewable,3.15
141417,Mariam,Hatem,2001-02-21,School of Computer Science,DSAI,2.91
156354,Sara,Yasser,2000-10-26,School of Business,Management,3.94
817166,Sara,Hendy,2001-04-07,School of Science,Physics,2.62
660570,Aya,Ali,2005-08-29,School of Computer Science,DSAI,3.94
165070,Nour,Walid,1999-01-13,School of Engineering,Nano Tech,2.8
267131,Mariam,Yasser,2005-09-22,School of Business,Marketing,3.71
261831,Mariam,Yahia,2000-01-04,School of Engineering,Nano Tech,3.66
417602,Mahmoud,Taha,2005-10-25,School of Business,Finance,3.49
779828,Rony,Abdulrahman,2000-04-30,School of Business,Management,3.31
859623,Abdullah,Yasser,1999-07-14,School of Computer Science,DSAI,3.27
363492,Sara,Walid,1999-09-28,School of Computer Science,IT,3.6
414798,Fatma,Abdelsalam,1999-11-04,School of Computer Science,SWD,3.97
897594,Khaled,Samir,2001-07-30,School of Computer Science,IT,3.31
154928,Rony,Mostafa,2001-11-18,School of Engineering,Nano Tech,2.68
401629,Mahmoud,Taha,2003-05-30,School of Science,Nano,2.53
232322,Hassan,Youssef,2000-07-20,School of Engineering,Nano Tech,3.71
157528,Aya,Hani,2001-07-02,School of Science,Bio Medical,2.75
199994,Mahmoud,Abdelrahim,1999-01-13,School of Science,Bio Medical,3.17
824195,Hassan,Ramadan,2002-11-16,School of Business,Finance,3.44
494666,Nada,Youssef,2005-12-03,School of Science,Bio Medical,3.87
414601,Hana,Abdullah,2005-05-14,School of Engineering,Nano Tech,3.97
457936,Ali,Abdulrahman,2004-10-11,School of Business,Finance,3.33
909726,Mark,Yasser,2003-01-10,School of Business,Finance,3.69
156545,Yasser,Abdullah,2001-11-10,School of Computer Science,DSAI,3.54
318168,Nour,Yahia,2002-11-10,School of Business,Marketing,3.5
966975,Salma,Ramadan,1999-03-19,School of Engineering,Aero Space,3.08
153425,Omar,Ahmed,1999-12-30,School of Engineering,CIE,2.71
891445,Ahmed,Moahmed,2002-07-15,School of Business,Marketing,3.8
912889,Sara,Ali,2000-02-23,School of Business,Marketing,2.88
648475,Nouran,Mostafa,2000-10-04,School of Science,Bio Medical,2.52
854650,Lina,Hendy,2004-10-18,School of Computer Science,SWD,3.33
729525,Rony,Abdelsalam,2004-03-31,School of Business,Finance,3.54
982991,Amr,Ramadan,2001-04-07,School of Computer Science,SWD,3.29
611581,Ziad,Karim,2001-06-25,School of Science,Nano,3.6
324151,Omar,Moataz,2002-10-12,School of Science,Nano,2.53
759360,Hassan,Moataz,2005-01-04,School of Engineering,CIE,2.79
824623,Abdulaziz,Moataz,2002-07-16,School of Engineering,Nano Tech,2.63
805651,Rahma,Shaaban,2002-10-20,School of Computer Science,SWD,3.79
436085,Fatma,Youssef,1999-07-27,School of Business,Management,2.96
806185,Mark,Hendy,2000-01-07,School of Engineering,Aero Space,3.51
179702,Mark,Abdulaziz,1999-07-17,School of Science,Physics,3.15
205407,Lina,Ahmed,2000-06-11,School of Engineering,Nano Tech,3.94
121885,Hassan,Hatem,2005-05-20,School of Business,Management,3.9
627705,Mohamed,Abdulrahman,2004-04-21,School of Computer Science,SWD,3.56
171043,Youssef,Ahmed,2004-12-17,School of Business,Management,3.13
885743,Fatma,Samir,2003-02-13,School of Science,Bio Medical,2.67
705483,Lina,Abdulaziz,2002-11-28,School of Computer Science,IT,3.53
189060,Abdullah,Samir,2005-12-22,School of Science,Bio Medical,2.77
628668,Khaled,Hatem,2000-01-20,School of Science,Physics,3.85
499519,Rahma,Karim,2001-07-27,School of Business,Management,3.88
757044,Lina,Abdelrahim,2002-03-01,School of Business,Management,2.73
669619,Fatma,Abdelsalam,2000-07-01,School of Computer Science,SWD,2.57
256821,Abdullah,Hani,2005-04-13,School of Science,Physics,3.35
778577,Mahmoud,Shaaban,2003-04-21,School of Science,Nano,3.65
884686,Hussein,Taha,2004-10-21,School of Computer Science,DSAI,3.67
285363,Mark,Abdulaziz,2001-03-07,School of Business,Marketing,3.64
332211,Sara,Moahmed,2002-09-26,School of Science,Nano,3.84
610655,Salma,Samir,1999-02-14,School of Business,Management,2.77
829089,Hana,Abdullah,2002-07-20,School of Science,Nano,3.59
289177,Abdulaziz,Khaled,2002-12-13,School of Business,Management,3.77
880044,Aya,Samir,2000-10-29,School of Science,Physics,3.05
704967,Ali,Abdullah,2000-01-21,School of Science,Bio Medical,3.61
439798,Haneen,Ahmed,2004-06-21,School of Science,Bio Medical,2.56
978433,Ahmed,Abdelsalam,2001-06-04,School of Computer Science,IT,2.86
714974,Seif,Karim,2001-08-27,School of Business,Management,2.8
730085,Nada,Abdullah,2001-07-06,School of Engineering,CIE,3.9
873520,Amr,Karim,2003-01-27,School of Business,Management,3.42
574028,Mariam,Khaled,2003-10-29,School of Science,Nano,3.17
430321,Mahmoud,Tarek,2002-03-30,School of Science,Physics,3.72
759303,Nada,Hani,2001-03-12,School of Business,Marketing,2.74
918949,Abdulrahman,Karim,2000-03-04,School of Business,Management,3.55
174422,Layla,Ali,2005-06-30,School of Science,Bio Medical,3.93
848076,Haneen,Moahmed,2003-05-02,School of Computer Science,SWD,3.62
629316,Yahia,Yasser,2005-07-10,School of Business,Marketing,3.28
284272,Ahmed,Ali,2001-10-23,School of Computer Science,SWD,3.4
660042,Khaled,Yahia,2001-05-03,School of Business,Marketing,3.92
958424,Seif,Khaled,2004-02-20,School of Engineering,Renewable,2.77
795969,Amr,Hani,2001-03-26,School of Business,Management,2.79
376503,Yasser,Yasser,1999-01-13,School of Science,Nano,2.67
724034,Nour,Walid,2005-02-21,School of Business,Marketing,3.17
785690,Hassan,Abdulaziz,2002-01-23,School of Business,Management,2.69
988970,Mazen,Shaaban,2002-12-07,School of Engineering,Aero Space,2.88
340343,Hana,Khaled,2002-10-29,School of Science,Nano,3.39
721172,Amr,Walid,2004-03-06,School of Science,Nano,2.84
282912,Ali,Tarek,2001-12-11,School of Business,Finance,3.14
780482,Ziad,Walid,2002-04-25,School of Engineering,Aero Space,3.02
420659,Karim,Walid,1999-01-05,School of Engineering,Nano Tech,3.22
415765,Fatma,Ahmed,2004-03-22,School of Science,Nano,3.62
183111,Nour,Ramadan,2002-01-28,School of Science,Physics,3.69
924140,Abdulrahman,Youssef,2001-07-06,School of Science,Bio Medical,2.76
426231,Hassan,Abdelrahim,2004-09-11,School of Science,Bio Medical,3.49
612267,Amr,Taha,2002-05-27,School of Science,Bio Medical,3.74
553647,Ahmed,Youssef,2003-07-11,School of Computer Science,SWD,3.1
574172,Karim,Karim,2003-02-04,School of Engineering,CIE,3.24
790036,Mark,Mahmoud,2000-08-27,School of Business,Management,2.69
412626,Khaled,Shaaban,2002-11-25,School of Science,Bio Medical,3.42
145027,Karim,Moahmed,2004-03-09,School of Business,Marketing,3.03
198203,Ali,Abdulrahman,2001-07-14,School of Computer Science,IT,3.58
609597,Youssef,Moahmed,2002-01-26,School of Engineering,CIE,3.46
853494,Yahia,Mostafa,2004-08-07,School of Business,Marketing,2.99
135518,Ali,Khaled,1999-09-30,School of Business,Marketing,2.62
766619,Karim,Hatem,2001-10-31,School of Science,Physics,3.23
489212,Mariam,Abdulaziz,2005-10-18,School of Computer Science,IT,2.55
991766,Yahia,Tarek,2000-07-20,School of Engineering,Nano Tech,2.61
549015,Nouran,Tarek,2001-09-08,School of Engineering,Renewable,3.16
204611,Mohamed,Abdelrahim,2001-02-10,School of Business,Finance,2.56
629205,Ziad,Yasser,2003-01-15,School of Science,Bio Medical,2.75
168807,Ali,Karim,2004-01-20,School of Computer Science,IT,2.88
719078,Mazen,Abdelrahim,2002-10-06,School of Engineering,Aero Space,3.57
525011,Mohamed,Yasser,2002-07-07,School of Computer Science,DSAI,2.74
887991,Abdullah,Hendy,2003-09-01,School of Computer Science,DSAI,3.47
917200,Nour,Khaled,1999-02-08,School of Engineering,Renewable,2.96
262042,Omar,Samir,1999-03-05,School of Business,Management,3.03
913814,Hassan,Samir,2004-03-30,School of Business,Marketing,3.98
729423,Nouran,Hatem,2000-08-15,School of Engineering,CIE,3.64
947676,Mazen,Ahmed,2005-07-09,School of Business,Finance,2.84
275216,Lina,Abdullah,2003-08-05,School of Computer Science,SWD,2.86
710270,Nouran,Samir,2001-04-12,School of Business,Management,2.68
469752,Hassan,Khaled,2002-01-12,School of Business,Management,2.95
138589,Nouran,Abdulaziz,2001-03-09,School of Computer Science,DSAI,2.63
702592,Ahmed,Ramadan,2001-03-29,School of Science,Physics,3.75
821532,Mohamed,Hatem,2004-06-29,School of Business,Marketing,2.68
704117,Hussein,Shaaban,2000-03-22,School of Engineering,CIE,3.79
591418,Mahmoud,Abdulaziz,1999-07-19,School of Engineering,Renewable,3.74
825262,Ali,Moataz,2000-12-11,School of Computer Science,DSAI,2.95
260123,Rahma,Tarek,2005-02-01,School of Computer Science,DSAI,2.64
524235,Hassan,Samir,2002-10-26,School of Business,Marketing,3.68
932403,Nada,Ahmed,2005-02-03,School of Business,Finance,3.47
200501,Mohamed,Abdelsalam,2005-11-04,School of Engineering,Nano Tech,3.51
138324,Mark,Moahmed,2005-05-18,School of Computer Science,SWD,3.5
489226,Mazen,Youssef,2004-11-19,School of Science,Physics,3.18
342745,Layla,Youssef,2000-11-20,School of Engineering,CIE,2.56
128907,Ziad,Abdulaziz,2005-07-09,School of Computer Science,DSAI,3.9
217337,Abdulaziz,Abdulaziz,2005-09-29,School of Business,Marketing,3.77
647537,Abdulaziz,Mostafa,2000-06-06,School of Business,Finance,3.46
107421,Omar,Walid,2000-06-11,School of Business,Finance,3.55
932038,Ali,Abdullah,2000-11-08,School of Business,Management,3.04
181760,Abdulaziz,Hatem,2000-01-04,School of Business,Marketing,3.32
645917,Khaled,Abdulrahman,1999-11-12,School of Science,Bio Medical,3.69
887910,Karim,Walid,1999-02-08,School of Science,Nano,3.41
442060,Fatma,Abdulrahman,2003-07-07,School of Engineering,Aero Space,3.31
598902,Nada,Abdullah,2002-01-06,School of Business,Finance,2.67
222121,Mazen,Moataz,2003-01-14,School of Science,Physics,2.8
345115,Ziad,Taha,2005-08-13,School of Engineering,CIE,2.7
380541,Mariam,Samir,2002-01-24,School of Business,Management,3.65
355747,Youssef,Abdulrahman,2003-01-04,School of Science,Physics,3.46
624433,Sara,Hendy,2001-12-30,School of Engineering,Nano Tech,3.76
980328,Fatma,Ahmed,2000-12-17,School of Engineering,Aero Space,3.29
277952,Abdulrahman,Ramadan,2003-03-07,School of Science,Nano,3.35
329286,Hana,Abdulrahman,2002-11-07,School of Science,Physics,2.84
962773,Nada,Tarek,2000-10-30,School of Engineering,Nano Tech,3.9
345320,Ahmed,Youssef,2001-06-27,School of Business,Marketing,3.64
952828,Lina,Shaaban,2003-07-25,School of Engineering,Renewable,3.5
287789,Mohamed,Hani,2005-11-22,School of Computer Science,DSAI,2.52
965723,Ali,Abdulaziz,2005-07-21,School of Business,Marketing,3.57
171055,Mahmoud,Hatem,2001-09-01,School of Business,Marketing,3.64
501536,Rony,Taha,2001-04-13,School of Business,Marketing,2.6
769682,Nour,Abdelrahim,2000-02-22,School of Business,Finance,3.23
355153,Omar,Moataz,2003-07-09,School of Business,Finance,3.93
108250,Aya,Shaaban,2003-01-22,School of Computer Science,SWD,3.11
695324,Mazen,Hatem,2003-06-29,School of Engineering,CIE,3.73
428244,Nour,Hani,2001-12-06,School of Engineering,Nano Tech,2.51
373731,Omar,Ahmed,2004-04-26,School of Business,Management,3.17
685551,Nour,Samir,2003-02-02,School of Computer Science,DSAI,3.41
283437,Lina,Ahmed,2000-03-19,School of Computer Science,IT,3.69
525426,Salma,Youssef,2000-06-19,School of Engineering,Nano Tech,3.05
343803,Abdulaziz,Mostafa,2002-11-14,School of Business,Management,3.67
581141,Nour,Taha,2005-12-28,School of Engineering,CIE,3.11
474671,Omar,Abdelrahim,2002-08-05,School of Engineering,CIE,3.19
466239,Abdullah,Mahmoud,2004-02-18,School of Engineering,Aero Space,2.81
332109,Mohamed,Hatem,2000-08-28,School of Computer Science,IT,3.79
124976,Sara,Taha,2003-06-01,School of Business,Finance,2.82
909566,Karim,Khaled,2004-07-26,School of Business,Management,3.64
501195,Seif,Tarek,2000-05-08,School of Computer Science,DSAI,3.21
721381,Yahia,Hatem,1999-03-04,School of Science,Physics,3.91
358465,Abdulrahman,Karim,2003-06-11,School of Science,Bio Medical,3.14
587333,Mariam,Abdullah,2004-04-18,School of Computer Science,SWD,3.37
274965,Fatma,Hani,2001-08-15,School of Science,Nano,2.67
302455,Yahia,Yahia,2002-04-19,School of Science,Physics,3.9
228308,Mahmoud,Khaled,2003-07-12,School of Engineering,Aero Space,3.94
815058,Mariam,Mostafa,2005-02-16,School of Business,Finance,3.28
519216,Abdulrahman,Abdullah,2004-05-14,School of Science,Bio Medical,3.91
794346,Lina,Tarek,2002-10-19,School of Business,Finance,2.85
771032,Mariam,Tarek,2001-10-23,School of Engineering,Aero Space,3.46
757316,Hana,Abdelrahim,2002-07-01,School of Engineering,Renewable,3.92
995038,Ziad,Karim,2005-08-08,School of Business,Marketing,3.76
667049,Nada,Abdelsalam,2005-08-12,School of Business,Finance,3.14
340943,Rahma,Ali,2003-09-13,School of Science,Physics,3.27
136819,Lina,Youssef,2002-12-04,School of Engineering,CIE,3.07
508688,Aya,Ali,2003-05-31,School of Business,Finance,2.83
111960,Lina,Moataz,1999-08-30,School of Business,Marketing,3.44
288638,Haneen,Youssef,2002-03-01,School of Science,Bio Medical,2.98
643113,Mohamed,Walid,2000-09-20,School of Engineering,Aero Space,3.3
126385,Khaled,Yasser,2005-12-04,School of Science,Physics,2.92
527827,Abdulrahman,Walid,2004-04-01,School of Science,Physics,3.23
373706,Nour,Walid,2002-03-10,School of Business,Marketing,3.89
673232,Rony,Hani,1999-11-12,School of Science,Bio Medical,3.11
184101,Khaled,Yasser,2004-03-02,School of Computer Science,IT,3.65
779427,Ziad,Abdelsalam,1999-02-24,School of Science,Bio Medical,3.17
667544,Sara,Samir,1999-01-25,School of Engineering,Nano Tech,2.71
656959,Khaled,Abdullah,2001-03-04,School of Science,Physics,3.77
561336,Hassan,Shaaban,2000-11-01,School of Science,Bio Medical,3.5
171240,Aya,Abdulaziz,2004-06-04,School of Engineering,Renewable,2.74
585461,Haneen,Khaled,2000-09-28,School of Computer Science,IT,2.53
372241,Aya,Hendy,2001-04-02,School of Computer Science,IT,2.98
487508,Mohamed,Khaled,2004-04-25,School of Computer Science,IT,3.99
435789,Mark,Karim,2003-02-25,School of Computer Science,DSAI,2.8
197462,Salma,Walid,1999-08-16,School of Computer Science,DSAI,2.96
406859,Abdulrahman,Ali,1999-12-09,School of Engineering,Nano Tech,2.94
402248,Youssef,Abdulaziz,2005-02-06,School of Computer Science,DSAI,3.1
679308,Abdulrahman,Yahia,2004-11-09,School of Science,Physics,2.94
199989,Nour,Yasser,2005-11-21,School of Engineering,CIE,3.03
536589,Abdullah,Abdulrahman,2000-08-31,School of Computer Science,SWD,3.86
581508,Hassan,Moataz,2003-06-13,School of Engineering,Renewable,3.43
191564,Fatma,Abdelsalam,2000-06-11,School of Business,Management,3.72
299194,Ahmed,Hendy,2005-04-24,School of Science,Nano,2.81
793087,Khaled,Mahmoud,1999-08-06,School of Business,Management,3.55
469429,Fatma,Shaaban,1999-12-28,School of Science,Bio Medical,2.56
821104,Hana,Abdelsalam,2001-06-29,School of Engineering,Renewable,3.63
545151,Mahmoud,Walid,2005-01-16,School of Science,Physics,3.42
855465,Hassan,Khaled,2000-07-11,School of Engineering,CIE,2.92
771152,Abdulaziz,Shaaban,2002-09-11,School of Business,Finance,2.61
120803,Lina,Mahmoud,2002-12-30,School of Engineering,Renewable,3.6
941258,Ziad,Shaaban,2000-12-19,School of Computer Science,SWD,3.78
267600,Mohamed,Mahmoud,1999-08-23,School of Science,Nano,3.57
734705,Fatma,Ramadan,2002-12-01,School of Computer Science,DSAI,3.05
371870,Yahia,Abdelrahim,2004-12-16,School of Engineering,Renewable,2.72
